{
  "movies": [
    {
      "id": "1",
      "title": "Inception",
      "genre": "Sci-Fi",
      "image": "https://image.tmdb.org/t/p/w500/edv5CZvWj09upOsy2Y6IwDhK8bt.jpg",
      "ratings": [
        {
          "review": "Mind-blowing!",
          "rating": 5
        },
        {
          "review": "Great visuals!",
          "rating": 4
        }
      ]
    },
    {
      "id": "2",
      "title": "The Dark Knight",
      "genre": "Action",
      "image": "https://image.tmdb.org/t/p/w500/qJ2tW6WMUDux911r6m7haRef0WH.jpg",
      "ratings": [
        {
          "review": "Best Batman movie!",
          "rating": 5
        },
        {
          "review": "Heath Ledger was phenomenal!",
          "rating": 5
        }
      ]
    },
    {
      "id": "3",
      "title": "Interstellar",
      "genre": "Sci-Fi",
      "image": "https://image.tmdb.org/t/p/w500/gEU2QniE6E77NI6lCU6MxlNBvIx.jpg",
      "ratings": [
        {
          "review": "A masterpiece!",
          "rating": 5
        },
        {
          "review": "Emotional and mind-bending!",
          "rating": 5
        },
        {
          "review": "it is average moview ",
          "rating": 3
        }
      ]
    },
    {
      "id": "4",
      "title": "Gladiator",
      "genre": "Drama",
      "image": "https://image.tmdb.org/t/p/w500/ty8TGRuvJLPUmAR1H1nRIsgwvim.jpg",
      "ratings": [
        {
          "review": "Epic storytelling!",
          "rating": 5
        },
        {
          "review": "Russell Crowe was amazing!",
          "rating": 4
        }
      ]
    },
    {
      "id": "5",
      "title": "The Matrix",
      "genre": "Sci-Fi",
      "image": "https://image.tmdb.org/t/p/w500/f89U3ADr1oiB1s9GkdPOEpXUk5H.jpg",
      "ratings": [
        {
          "review": "Revolutionary!",
          "rating": 5
        },
        {
          "review": "Still holds up!",
          "rating": 5
        }
      ]
    },
    {
      "id": "6",
      "title": "Forrest Gump",
      "genre": "Drama",
      "image": "https://image.tmdb.org/t/p/w500/h5J4W4veyxMXDMjeNxZI46TsHOb.jpg",
      "ratings": [
        {
          "review": "Heartwarming!",
          "rating": 5
        },
        {
          "review": "Classic movie!",
          "rating": 5
        }
      ]
    },
    {
      "id": "7",
      "title": "Titanic",
      "genre": "Romance",
      "image": "https://image.tmdb.org/t/p/w500/9xjZS2rlVxm8SFx8kPC3aIGCOYQ.jpg",
      "ratings": [
        {
          "review": "Emotional rollercoaster!",
          "rating": 5
        },
        {
          "review": "A must-watch!",
          "rating": 4
        }
      ]
    },
    {
      "id": "8",
      "title": "The Avengers",
      "genre": "Action",
      "image": "https://image.tmdb.org/t/p/w500/RYMX2wcKCBAr24UyPD7xwmjaTn.jpg",
      "ratings": [
        {
          "review": "Epic superhero action!",
          "rating": 5
        },
        {
          "review": "Loved the team-up!",
          "rating": 4
        }
      ]
    },
    {
      "id": "9",
      "title": "Joker",
      "genre": "Drama",
      "image": "https://image.tmdb.org/t/p/w500/udDclJoHjfjb8Ekgsd4FDteOkCU.jpg",
      "ratings": [
        {
          "review": "Powerful performance!",
          "rating": 5
        },
        {
          "review": "Dark and intense!",
          "rating": 5
        }
      ]
    },
    {
      "id": "10",
      "title": "Avengers: Endgame",
      "genre": "Action",
      "image": "https://image.tmdb.org/t/p/w500/or06FN3Dka5tukK1e9sl16pB3iy.jpg",
      "ratings": [
        {
          "review": "Perfect ending!",
          "rating": 5
        },
        {
          "review": "Best MCU movie!",
          "rating": 5
        }
      ]
    },
    {
      "id": "11",
      "title": "The Godfather",
      "genre": "Crime",
      "image": "https://image.tmdb.org/t/p/w500/3bhkrj58Vtu7enYsRolD1fZdja1.jpg",
      "ratings": [
        {
          "review": "The best mafia movie!",
          "rating": 5
        },
        {
          "review": "Timeless classic!",
          "rating": 5
        }
      ]
    },
    {
      "id": "12",
      "title": "Pulp Fiction",
      "genre": "Crime",
      "image": "https://image.tmdb.org/t/p/w500/d5iIlFn5s0ImszYzBPb8JPIfbXD.jpg",
      "ratings": [
        {
          "review": "Tarantino at his best!",
          "rating": 5
        },
        {
          "review": "Superb dialogues!",
          "rating": 5
        }
      ]
    },
    {
      "id": "13",
      "title": "The Lion King",
      "genre": "Animation",
      "image": "https://upload.wikimedia.org/wikipedia/en/3/3d/The_Lion_King_poster.jpg",
      "ratings": [
        {
          "review": "Beautiful animation!",
          "rating": 5
        },
        {
          "review": "Emotional story!",
          "rating": 5
        }
      ]
    },
    {
      "id": "14",
      "title": "Spider-Man: No Way Home",
      "genre": "Action",
      "image": "https://image.tmdb.org/t/p/w500/1g0dhYtq4irTY1GPXvft6k4YLjm.jpg",
      "ratings": [
        {
          "review": "Best Spider-Man movie!",
          "rating": 5
        },
        {
          "review": "Amazing fan service!",
          "rating": 5
        }
      ]
    },
    {
      "id": "16",
      "title": "The Dark Knight",
      "genre": "Action",
      "image": "https://image.tmdb.org/t/p/w500/qJ2tW6WMUDux911r6m7haRef0WH.jpg",
      "ratings": [
        {
          "review": "Best Batman movie!",
          "rating": 5
        },
        {
          "review": "Heath Ledger was phenomenal!",
          "rating": 5
        }
      ]
    },
    {
      "id": "17",
      "title": "Interstellar",
      "genre": "Sci-Fi",
      "image": "https://image.tmdb.org/t/p/w500/gEU2QniE6E77NI6lCU6MxlNBvIx.jpg",
      "ratings": [
        {
          "review": "A masterpiece!",
          "rating": 5
        },
        {
          "review": "Emotional and mind-bending!",
          "rating": 5
        }
      ]
    },
    {
      "id": "18",
      "title": "3 Idiots",
      "genre": "Comedy",
      "image": "https://upload.wikimedia.org/wikipedia/en/d/df/3_idiots_poster.jpg",
      "ratings": [
        {
          "review": "Best Bollywood comedy!",
          "rating": 5
        },
        {
          "review": "Inspirational!",
          "rating": 5
        }
      ]
    },
    {
      "id": "19",
      "title": "Dangal",
      "genre": "Drama",
      "image": "https://upload.wikimedia.org/wikipedia/en/9/99/Dangal_Poster.jpg",
      "ratings": [
        {
          "review": "Powerful story!",
          "rating": 5
        },
        {
          "review": "Aamir Khan nailed it!",
          "rating": 5
        }
      ]
    },
    {
      "id": "20",
      "title": "Sholay",
      "genre": "Action",
      "image": "./assets/images/sholay.jpeg",
      "ratings": [
        {
          "review": "Classic Bollywood action!",
          "rating": 5
        },
        {
          "review": "Gabbar Singh is legendary!",
          "rating": 5
        }
      ]
    },
    {
      "id": "21",
      "title": "Titanic",
      "genre": "Romance",
      "image": "https://upload.wikimedia.org/wikipedia/en/2/22/Titanic_poster.jpg",
      "ratings": [
        {
          "review": "Emotional rollercoaster!",
          "rating": 5
        },
        {
          "review": "A must-watch!",
          "rating": 4
        }
      ]
    },
    {
      "id": "22",
      "title": "Kabir Singh",
      "genre": "Romance",
      "image": "https://upload.wikimedia.org/wikipedia/en/d/db/Kabir_Singh.jpg",
      "ratings": [
        {
          "review": "Intense love story!",
          "rating": 4
        },
        {
          "review": "Shahid Kapoor was amazing!",
          "rating": 5
        }
      ]
    },
    {
      "id": "23",
      "title": "Gully Boy",
      "genre": "Musical",
      "image": "https://upload.wikimedia.org/wikipedia/en/4/46/Gully_Boy_poster.jpg",
      "ratings": [
        {
          "review": "Rap culture in India!",
          "rating": 5
        },
        {
          "review": "Ranveer Singh at his best!",
          "rating": 5
        }
      ]
    },
    {
      "id": "24",
      "title": "Avengers: Endgame",
      "genre": "Action",
      "image": "https://image.tmdb.org/t/p/w500/or06FN3Dka5tukK1e9sl16pB3iy.jpg",
      "ratings": [
        {
          "review": "Perfect ending!",
          "rating": 5
        },
        {
          "review": "Best MCU movie!",
          "rating": 5
        }
      ]
    }
  ]
}